{
    "settings": {
        "devt": 1656949198,
        "nbrd": 20,
        "en": 1,
        "sn1": 0,
        "sn2": 0,
        "rd": 0,
        "rdst": 0,
        "sunrise": 352,
        "sunset": 1235,
        "eip": 2728279689,
        "lwc": 1656948791,
        "lswc": 1656948791,
        "lupt": 0,
        "lrbtc": 1,
        "lrun": [
            19,
            99,
            9,
            1656948844
        ],
        "mac": "B8:27:EB:E7:73:E2",
        "loc": "37.95030,-122.09405",
        "jsp": "js",
        "wsp": "weather.opensprinkler.com",
        "wto": {
            "key": ""
        },
        "ifkey": "",
        "mqtt": {},
        "wtdata": {
            "wp": "Manual"
        },
        "wterr": 0,
        "sbits": [
            0,
            0,
            0,
            0,
            0,
            0,
            0,
            0,
            0,
            0,
            0,
            0,
            0,
            0,
            0,
            0,
            0,
            0,
            0,
            0,
            0
        ],
        "ps": [
            [
                0,
                0,
                0
            ],
            [
                0,
                0,
                0
            ],
            [
                0,
                0,
                0
            ],
            [
                0,
                0,
                0
            ],
            [
                0,
                0,
                0
            ],
            [
                0,
                0,
                0
            ],
            [
                0,
                0,
                0
            ],
            [
                0,
                0,
                0
            ],
            [
                0,
                0,
                0
            ],
            [
                0,
                0,
                0
            ],
            [
                0,
                0,
                0
            ],
            [
                0,
                0,
                0
            ],
            [
                0,
                0,
                0
            ],
            [
                0,
                0,
                0
            ],
            [
                0,
                0,
                0
            ],
            [
                0,
                0,
                0
            ],
            [
                0,
                0,
                0
            ],
            [
                0,
                0,
                0
            ],
            [
                0,
                0,
                0
            ],
            [
                0,
                0,
                0
            ]
        ]
    },
    "programs": {
        "nprogs": 3,
        "nboards": 20,
        "mnp": 40,
        "mnst": 4,
        "pnsize": 32,
        "pd": [
            [
                1,
                127,
                0,
                [
                    600,
                    0,
                    0,
                    0
                ],
                [
                    0,
                    0,
                    0,
                    0,
                    0,
                    0,
                    0,
                    0,
                    0,
                    0,
                    240,
                    240,
                    240,
                    0,
                    0,
                    0,
                    0,
                    0,
                    0,
                    0
                ],
                "10AM"
            ],
            [
                1,
                127,
                0,
                [
                    900,
                    0,
                    0,
                    0
                ],
                [
                    0,
                    0,
                    0,
                    0,
                    0,
                    0,
                    0,
                    0,
                    0,
                    0,
                    240,
                    240,
                    240,
                    0,
                    0,
                    0,
                    0,
                    0,
                    0,
                    0
                ],
                "3PM"
            ],
            [
                1,
                111,
                0,
                [
                    1020,
                    0,
                    0,
                    0
                ],
                [
                    0,
                    300,
                    300,
                    300,
                    300,
                    300,
                    600,
                    300,
                    120,
                    120,
                    180,
                    180,
                    120,
                    180,
                    300,
                    300,
                    300,
                    180,
                    120,
                    300
                ],
                "5PM"
            ]
        ]
    },
    "options": {
        "fwv": 219,
        "tz": 20,
        "hp0": 144,
        "hp1": 31,
        "hwv": 64,
        "ext": 19,
        "sdt": 0,
        "mas": 1,
        "mton": 0,
        "mtof": 0,
        "wl": 60,
        "den": 1,
        "ipas": 1,
        "devid": 0,
        "uwt": 0,
        "ntp1": 0,
        "ntp2": 0,
        "ntp3": 0,
        "ntp4": 0,
        "lg": 1,
        "mas2": 0,
        "mton2": 0,
        "mtof2": 0,
        "fwm": 7,
        "fpr0": 100,
        "fpr1": 0,
        "re": 0,
        "sar": 0,
        "ife": 0,
        "sn1t": 0,
        "sn1o": 1,
        "sn2t": 0,
        "sn2o": 1,
        "sn1on": 0,
        "sn1of": 0,
        "sn2on": 0,
        "sn2of": 0,
        "wimod": 169,
        "reset": 0,
        "dexp": -1,
        "mexp": 24,
        "hwt": 255
    },
    "status": [
        0,
        0,
        0,
        0,
        0,
        0,
        0,
        0,
        0,
        0,
        0,
        0,
        0,
        0,
        0,
        0,
        0,
        0,
        0,
        0
    ],
    "stations": {
        "masop": [
            254,
            255,
            7,
            255,
            255,
            255,
            255,
            255,
            255,
            255,
            255,
            255,
            255,
            255,
            255,
            255,
            255,
            255,
            255,
            255
        ],
        "masop2": [
            0,
            0,
            0,
            0,
            0,
            0,
            0,
            0,
            0,
            0,
            0,
            0,
            0,
            0,
            0,
            0,
            0,
            0,
            0,
            0
        ],
        "ignore_rain": [
            0,
            0,
            0,
            0,
            0,
            0,
            0,
            0,
            0,
            0,
            0,
            0,
            0,
            0,
            0,
            0,
            0,
            0,
            0,
            0
        ],