{"settings":{"devt":1630101409,"nstn":19,"en":1,"sn1":0,"sn2":0,"rd":0,"rdst":0,"sunrise":395,"sunset":1186,"eip":1134630823,"lwc":1630093006,"lswc":1630093006,"lupt":0,"lrbtc":99,"lrun":[18,1,300,1630088701],"mac":"B8:27:EB:E7:73:E2","loc":"37.94896,-122.09179","jsp":"js","wsp":"weather.opensprinkler.com","wto":{"key":"","pws":""},"ifkey":"","mqtt":{},"wtdata":{"wp":"Manual"},"wterr":0,"sbits":[0,0,0,0,0,0,0,0,0,0,0,0,0,0,0,0,0,0,0,0],"ps":[[0,0,0],[0,0,0],[0,0,0],[0,0,0],[0,0,0],[0,0,0],[0,0,0],[0,0,0],[0,0,0],[0,0,0],[0,0,0],[0,0,0],[0,0,0],[0,0,0],[0,0,0],[0,0,0],[0,0,0],[0,0,0],[0,0,0]]},"programs":{"nprogs":3,"nboards":19,"mnp":40,"mnst":4,"pnsize":32,"pd":[[1,127,0,[1020,0,0,0],[0,300,300,300,300,300,600,300,120,120,300,300,300,180,300,300,300,180,300],"Main 5PM"],[1,127,0,[600,0,0,0],[0,0,0,0,0,0,0,0,0,0,120,300,180,0,0,0,0,0,0],"Morning"],[0,127,0,[1020,0,0,0],[10,10,10,10,10,10,10,10,10,10,10,10,10,10,10,10,10,10,10],"Quick test"]]},"options":{"fwv":219,"tz":20,"hp0":144,"hp1":31,"hwv":64,"ext":18,"sdt":0,"mas":1,"mton":0,"mtof":0,"wl":100,"den":1,"ipas":0,"devid":0,"uwt":0,"ntp1":0,"ntp2":0,"ntp3":0,"ntp4":0,"lg":1,"mas2":0,"mton2":0,"mtof2":0,"fwm":7,"fpr0":100,"fpr1":0,"re":0,"sar":0,"ife":0,"sn1t":0,"sn1o":1,"sn2t":0,"sn2o":1,"sn1on":0,"sn1of":0,"sn2on":0,"sn2of":0,"wimod":169,"reset":0,"dexp":-1,"mexp":24,"hwt":255},"status":[0,0,0,0,0,0,0,0,0,0,0,0,0,0,0,0,0,0,0],"stations":{"masop":[254,255,255,255,255,255,255,255,255,255,255,255,255,255,255,255,255,255,255],"masop2":[0,0,0,0,0,0,0,0,0,0,0,0,0,0,0,0,0,0,0],"ignore_rain":[0,0,0,0,0,0,0,0,0,0,0,0,0,0,0,0,0,0,0],"ignore_sn1":[0,0,0,0,0,0,0,0,0,0,0,0,0,0,0,0,0,0,0],"ignore_sn2":[0,0,0,0,0,0,0,0,0,0,0,0,0,0,0,0,0,0,0],"stn_dis":[0,0,0,0,0,0,0,0,0,0,0,0,0,0,0,0,0,0,0],"stn_seq":[254,255,255,255,255,255,255,255,255,255,255,255,255,255,255,255,255,255,255],"stn_spe":[255,255,7,0,0,0,0,0,0,0,0,0,0,0,0,0,0,0,0],"snames":["master","S01-by-left","S02-by-center","S03-by-center-right","S04-by-right-1","S05-by-right-2","S06-by-roses","S007-by-flowers","S08-garden","S09-Orange","S10-tomatoes-1","S11-tomatoes-2","S12-Cucumbers","S13-fy-flowers","S14-fy-rightstrawberries","S15-fy-left-1","S16-fy-left-2","S17-apple-tree","S18-fy-magnolia"],"maxlen":32},"special":{"0":{"st":3,"sd":"190"},"1":{"st":3,"sd":"180"},"2":{"st":3,"sd":"230"},"3":{"st":3,"sd":"240"},"4":{"st":3,"sd":"020"},"5":{"st":3,"sd":"030"},"6":{"st":3,"sd":"100"},"7":{"st":3,"sd":"090"},"8":{"st":3,"sd":"110"},"9":{"st":3,"sd":"050"},"10":{"st":3,"sd":"060"},"11":{"st":3,"sd":"130"},"12":{"st":3,"sd":"250"},"13":{"st":3,"sd":"080"},"14":{"st":3,"sd":"070"},"15":{"st":3,"sd":"120"},"16":{"st":3,"sd":"200"},"17":{"st":3,"sd":"210"},"18":{"st":3,"sd":"260"}}}