{"programs":{"nprogs":4,"nstations":20,"mnp":40,"mnst":4,"pnsize":32,"pd":[[3,127,0,[600,0,0,0],[0,0,0,0,0,0,300,0,0,0,240,240,120,0,0,0,0,0,0,0],"10AM"],[3,127,0,[900,0,0,0],[0,0,0,0,0,0,0,0,0,0,240,240,120,0,0,0,0,0,0,0],"3PM"],[3,127,0,[1140,0,0,0],[0,300,300,300,300,300,600,300,0,240,240,180,120,180,300,300,300,180,120,420],"5PM"],[2,127,0,[780,0,0,0],[0,7,7,7,0,0,0,0,0,0,0,0,0,0,0,0,0,0,0,0],"Quick test"]]},"stations":{"masop":[254,255,7],"masop2":[0,0,0],"ignore_rain":[0,0,0],"ignore_sn1":[0,0,0],"ignore_sn2":[0,0,0],"stn_dis":[0,0,0],"stn_seq":[254,255,15],"stn_spe":[255,255,15],"snames":["master","S01-by-left","S02-by-center","S03-by-center-right","S04-by-right-1","S05-by-right-2","S06-by-roses","S07-by-flowers","S08-garden","S09-Orange","S10-tomatoes-1","S11-tomatoes-2","S12-Cucumbers","S13-fy-flowers","S14-fy-right-strawberries","S15-fy-left-1","S16-fy-left-2","S17-apple-tree","S18-fy-magnolia","S20-fy-bushes"],"maxlen":32},"options":{"fwv":219,"tz":20,"hp0":144,"hp1":31,"hwv":64,"nstn":19,"sdt":0,"mas":1,"mton":0,"mtof":0,"wl":100,"den":1,"ipas":1,"devid":0,"uwt":0,"ntp1":0,"ntp2":0,"ntp3":0,"ntp4":0,"lg":1,"mas2":0,"mton2":0,"mtof2":0,"fwm":9,"fpr0":100,"fpr1":0,"re":0,"sar":0,"ife":0,"sn1t":0,"sn1o":1,"sn2t":0,"sn2o":1,"sn1on":0,"sn1of":0,"sn2on":0,"sn2of":0,"wimod":169,"reset":0,"dexp":-1,"mstn":24,"hwt":255},"status_sn":[0,0,0],"settings":{"devt":1689871972,"nstn":20,"en":1,"sn1":0,"sn2":0,"rd":0,"rdst":0,"sunrise":360,"sunset":1080,"eip":0,"lwc":0,"lswc":0,"lupt":0,"lrbtc":99,"lrun":[12,2,120,1689865801],"mac":"D8:3A:DD:1B:26:06","loc":"37.95030,-122.09405","jsp":"js","wsp":"weather.opensprinkler.com","wto":{},"ifkey":"","mqtt":{},"wtdata":{},"wterr":-1,"sbits":[0,0,0],"ps":[[0,0,0],[0,0,0],[0,0,0],[0,0,0],[0,0,0],[0,0,0],[0,0,0],[0,0,0],[0,0,0],[0,0,0],[0,0,0],[0,0,0],[0,0,0],[0,0,0],[0,0,0],[0,0,0],[0,0,0],[0,0,0],[0,0,0],[0,0,0]]},"special":{"0":{"st":4,"sd":"192.168.1.6,80,+19&-1,-19"},"1":{"st":4,"sd":"192.168.1.6,80,+1&600,-1"},"2":{"st":4,"sd":"192.168.1.6,80,+2&600,-2"},"3":{"st":4,"sd":"192.168.1.6,80,+3&600,-3"},"4":{"st":4,"sd":"192.168.1.6,80,+4&600,-4"},"5":{"st":4,"sd":"192.168.1.6,80,+5&600,-5"},"6":{"st":4,"sd":"192.168.1.6,80,+6&1200,-6"},"7":{"st":4,"sd":"192.168.1.6,80,+7&600,-7"},"8":{"st":4,"sd":"192.168.1.6,80,+8&600,-8"},"9":{"st":4,"sd":"192.168.1.6,80,+9&600,-9"},"10":{"st":4,"sd":"192.168.1.6,80,+10&600,-10"},"11":{"st":4,"sd":"192.168.1.6,80,+11&600,-11"},"12":{"st":4,"sd":"192.168.1.6,80,+12&600,-12"},"13":{"st":4,"sd":"192.168.1.6,80,+13&600,-13"},"14":{"st":4,"sd":"192.168.1.6,80,+14&600,-14"},"15":{"st":4,"sd":"192.168.1.6,80,+15&600,-15"},"16":{"st":4,"sd":"192.168.1.6,80,+16&600,-16"},"17":{"st":4,"sd":"192.168.1.6,80,+17&600,-17"},"18":{"st":4,"sd":"192.168.1.6,80,+18&600,-18"},"19":{"st":4,"sd":"192.168.1.4,80,on,off"}}}